lake_name,year,ice_off_doy
LAKE BAIKAL,1868,121
LAKE BAIKAL,1869,127
LAKE BAIKAL,1870,120
LAKE BAIKAL,1871,127
LAKE BAIKAL,1872,133
LAKE BAIKAL,1873,116
LAKE BAIKAL,1874,119
LAKE BAIKAL,1875,134
LAKE BAIKAL,1876,154
LAKE BAIKAL,1877,127
LAKE BAIKAL,1878,157
LAKE BAIKAL,1879,132
LAKE BAIKAL,1880,117
LAKE BAIKAL,1881,117
LAKE BAIKAL,1882,139
LAKE BAIKAL,1883,122
LAKE BAIKAL,1884,123
LAKE BAIKAL,1885,102
LAKE BAIKAL,1886,104
LAKE BAIKAL,1887,115
LAKE BAIKAL,1888,133
LAKE BAIKAL,1889,116
LAKE BAIKAL,1890,134
LAKE BAIKAL,1891,120
LAKE BAIKAL,1892,122
LAKE BAIKAL,1893,109
LAKE BAIKAL,1894,110
LAKE BAIKAL,1895,118
LAKE BAIKAL,1896,128
LAKE BAIKAL,1897,120
LAKE BAIKAL,1898,85
LAKE BAIKAL,1899,127
LAKE BAIKAL,1900,117
LAKE BAIKAL,1901,121
LAKE BAIKAL,1902,118
LAKE BAIKAL,1903,127
LAKE BAIKAL,1904,96
LAKE BAIKAL,1905,116
LAKE BAIKAL,1906,101
LAKE BAIKAL,1907,119
LAKE BAIKAL,1908,122
LAKE BAIKAL,1909,125
LAKE BAIKAL,1910,134
LAKE BAIKAL,1911,120
LAKE BAIKAL,1912,126
LAKE BAIKAL,1913,100
LAKE BAIKAL,1914,110
LAKE BAIKAL,1915,104
LAKE BAIKAL,1916,121
LAKE BAIKAL,1917,119
LAKE BAIKAL,1918,113
LAKE BAIKAL,1919,114
LAKE BAIKAL,1920,122
LAKE BAIKAL,1921,114
LAKE BAIKAL,1922,103
LAKE BAIKAL,1923,126
LAKE BAIKAL,1924,109
LAKE BAIKAL,1925,90
LAKE BAIKAL,1926,112
LAKE BAIKAL,1927,115
LAKE BAIKAL,1928,119
LAKE BAIKAL,1929,137
LAKE BAIKAL,1930,123
LAKE BAIKAL,1931,79
LAKE BAIKAL,1932,93
LAKE BAIKAL,1933,103
LAKE BAIKAL,1934,104
LAKE BAIKAL,1935,130
LAKE BAIKAL,1936,111
LAKE BAIKAL,1937,115
LAKE BAIKAL,1938,113
LAKE BAIKAL,1939,102
LAKE BAIKAL,1940,105
LAKE BAIKAL,1941,108
LAKE BAIKAL,1942,99
LAKE BAIKAL,1943,115
LAKE BAIKAL,1944,122
LAKE BAIKAL,1945,106
LAKE BAIKAL,1946,118
LAKE BAIKAL,1947,138
LAKE BAIKAL,1948,91
LAKE BAIKAL,1949,130
LAKE BAIKAL,1950,123
LAKE BAIKAL,1951,93
LAKE BAIKAL,1952,121
LAKE BAIKAL,1953,108
LAKE BAIKAL,1954,123
LAKE BAIKAL,1955,114
LAKE BAIKAL,1956,121
LAKE BAIKAL,1957,108
LAKE BAIKAL,1958,72
LAKE BAIKAL,1959,121
LAKE BAIKAL,1960,89
LAKE BAIKAL,1961,101
LAKE BAIKAL,1962,105
LAKE BAIKAL,1963,99
LAKE BAIKAL,1964,101
LAKE BAIKAL,1965,114
LAKE BAIKAL,1966,124
LAKE BAIKAL,1967,114
LAKE BAIKAL,1968,125
LAKE BAIKAL,1969,126
LAKE BAIKAL,1970,122
LAKE BAIKAL,1971,107
LAKE BAIKAL,1972,116
LAKE BAIKAL,1973,102
LAKE BAIKAL,1974,134
LAKE BAIKAL,1975,104
LAKE BAIKAL,1976,123
LAKE BAIKAL,1977,88
LAKE BAIKAL,1978,101
LAKE BAIKAL,1979,120
LAKE BAIKAL,1980,96
LAKE BAIKAL,1981,107
LAKE BAIKAL,1982,95
LAKE BAIKAL,1983,96
LAKE BAIKAL,1984,117
LAKE BAIKAL,1985,118
LAKE BAIKAL,1986,97
LAKE BAIKAL,1987,108
LAKE BAIKAL,1988,83
LAKE BAIKAL,1989,93
LAKE BAIKAL,1990,92
LAKE BAIKAL,1991,134
LAKE BAIKAL,1992,97
LAKE BAIKAL,1993,101
LAKE BAIKAL,1994,78
LAKE BAIKAL,1995,103
LAKE BAIKAL,1996,95
LAKE BAIKAL,1997,107
LAKE BAIKAL,1998,102
LAKE BAIKAL,1999,107
LAKE BAIKAL,2000,127
LAKE BAIKAL,2001,85
LAKE BAIKAL,2002,95
LAKE BAIKAL,2003,95
LAKE BAIKAL,2004,126
LAKE BAIKAL,2005,109
Cazenovia Lake,1839,100
Cazenovia Lake,1840,99
Cazenovia Lake,1841,
Cazenovia Lake,1842,80
Cazenovia Lake,1843,116
Cazenovia Lake,1844,103
Cazenovia Lake,1845,90
Cazenovia Lake,1846,98
Cazenovia Lake,1847,116
Cazenovia Lake,1848,95
Cazenovia Lake,1849,95
Cazenovia Lake,1850,112
Cazenovia Lake,1851,89
Cazenovia Lake,1852,109
Cazenovia Lake,1853,107
Cazenovia Lake,1854,99
Cazenovia Lake,1855,114
Cazenovia Lake,1856,117
Cazenovia Lake,1857,99
Cazenovia Lake,1858,92
Cazenovia Lake,1859,79
Cazenovia Lake,1860,91
Cazenovia Lake,1861,102
Cazenovia Lake,1862,112
Cazenovia Lake,1863,113
Cazenovia Lake,1864,108
Cazenovia Lake,1865,88
Cazenovia Lake,1866,101
Cazenovia Lake,1867,105
Cazenovia Lake,1868,94
Cazenovia Lake,1869,110
Cazenovia Lake,1870,106
Cazenovia Lake,1871,70
Cazenovia Lake,1872,114
Cazenovia Lake,1873,120
Cazenovia Lake,1874,111
Cazenovia Lake,1875,103
Cazenovia Lake,1876,109
Cazenovia Lake,1877,114
Cazenovia Lake,1878,75
Cazenovia Lake,1879,117
Cazenovia Lake,1880,88
Cazenovia Lake,1881,114
Cazenovia Lake,1882,62
Cazenovia Lake,1883,108
Cazenovia Lake,1884,106
Cazenovia Lake,1885,116
Cazenovia Lake,1886,91
Cazenovia Lake,1887,115
Cazenovia Lake,1888,105
Cazenovia Lake,1889,107
Cazenovia Lake,1890,88
Cazenovia Lake,1891,
Cazenovia Lake,1892,
Cazenovia Lake,1893,
Cazenovia Lake,1894,
Cazenovia Lake,1895,
Cazenovia Lake,1896,
Cazenovia Lake,1897,
Cazenovia Lake,1898,72
Cazenovia Lake,1899,
Cazenovia Lake,1900,
Cazenovia Lake,1901,
Cazenovia Lake,1902,87
Cazenovia Lake,1903,
Cazenovia Lake,1904,
Cazenovia Lake,1905,
Cazenovia Lake,1906,95
Cazenovia Lake,1907,90
Cazenovia Lake,1908,
Cazenovia Lake,1909,
Cazenovia Lake,1910,86
Cazenovia Lake,1911,105
Cazenovia Lake,1912,106
Cazenovia Lake,1913,78
Cazenovia Lake,1914,109
Cazenovia Lake,1915,102
Cazenovia Lake,1916,98
Cazenovia Lake,1917,
Cazenovia Lake,1918,99
Cazenovia Lake,1919,80
Cazenovia Lake,1920,92
Cazenovia Lake,1921,76
Cazenovia Lake,1922,98
Cazenovia Lake,1923,110
Cazenovia Lake,1924,102
Cazenovia Lake,1925,83
Cazenovia Lake,1926,112
Cazenovia Lake,1927,80
Cazenovia Lake,1928,97
Cazenovia Lake,1929,84
Cazenovia Lake,1930,96
Cazenovia Lake,1931,
Cazenovia Lake,1932,113
Cazenovia Lake,1933,93
Cazenovia Lake,1934,100
Cazenovia Lake,1935,103
Cazenovia Lake,1936,91
Cazenovia Lake,1937,108
Cazenovia Lake,1938,82
Cazenovia Lake,1939,110
Cazenovia Lake,1940,113
Cazenovia Lake,1941,105
Cazenovia Lake,1942,97
Cazenovia Lake,1943,91
Cazenovia Lake,1944,111
Cazenovia Lake,1945,83
Cazenovia Lake,1946,81
Cazenovia Lake,1947,102
Cazenovia Lake,1948,87
Cazenovia Lake,1949,85
Cazenovia Lake,1950,109
Cazenovia Lake,1951,93
Cazenovia Lake,1952,96
Cazenovia Lake,1953,81
Cazenovia Lake,1954,85
Cazenovia Lake,1955,96
Cazenovia Lake,1956,112
Cazenovia Lake,1957,95
Cazenovia Lake,1958,110
Cazenovia Lake,1959,106
Cazenovia Lake,1960,106
Cazenovia Lake,1961,111
Cazenovia Lake,1962,98
Cazenovia Lake,1963,99
Cazenovia Lake,1964,103
Cazenovia Lake,1965,104
Cazenovia Lake,1966,82
Cazenovia Lake,1967,95
Cazenovia Lake,1968,
Cazenovia Lake,1969,103
Cazenovia Lake,1970,110
Cazenovia Lake,1971,113
Cazenovia Lake,1972,114
Cazenovia Lake,1973,70
Cazenovia Lake,1974,103
Cazenovia Lake,1975,111
Cazenovia Lake,1976,87
Cazenovia Lake,1977,91
Cazenovia Lake,1978,106
Cazenovia Lake,1979,92
Cazenovia Lake,1980,98
Cazenovia Lake,1981,89
Cazenovia Lake,1982,107
Cazenovia Lake,1983,67
Cazenovia Lake,1984,102
Cazenovia Lake,1985,89
Cazenovia Lake,1986,89
Cazenovia Lake,1987,89
Cazenovia Lake,1988,94
Cazenovia Lake,1989,89
Cazenovia Lake,1990,76
Cazenovia Lake,1991,86
Cazenovia Lake,1992,105
Cazenovia Lake,1993,105
Cazenovia Lake,1994,109
Cazenovia Lake,1995,79
Cazenovia Lake,1996,102
Cazenovia Lake,1997,96
Cazenovia Lake,1998,89
Cazenovia Lake,1999,97
Cazenovia Lake,2000,83
Cazenovia Lake,2001,107
Cazenovia Lake,2002,70
Cazenovia Lake,2003,104
Cazenovia Lake,2004,96
Cazenovia Lake,2005,98
Cazenovia Lake,2006,90
Cazenovia Lake,2007,94
Cazenovia Lake,2008,98
Cazenovia Lake,2009,92
Cazenovia Lake,2010,85
MENDOTA,1853.095,95
MENDOTA,1856.105,105
MENDOTA,1857.126,126
MENDOTA,1858.085,85
MENDOTA,1859.073,73
MENDOTA,1860.086,86
MENDOTA,1861.1,100
MENDOTA,1862.103,103
MENDOTA,1863.099,99
MENDOTA,1864.112,112
MENDOTA,1865.095,95
MENDOTA,1866.108,108
MENDOTA,1867.11,110
MENDOTA,1868.091,91
MENDOTA,1869.106,106
MENDOTA,1870.102,102
MENDOTA,1871.092,92
MENDOTA,1872.114,114
MENDOTA,1873.113,113
MENDOTA,1874.104,104
MENDOTA,1875.105,105
MENDOTA,1876.101,101
MENDOTA,1877.107,107
MENDOTA,1878.068,68
MENDOTA,1879.102,102
MENDOTA,1880.085,85
MENDOTA,1881.123,123
MENDOTA,1882.08,80
MENDOTA,1883.103,103
MENDOTA,1884.106,106
MENDOTA,1885.11,110
MENDOTA,1886.109,109
MENDOTA,1887.105,105
MENDOTA,1888.106,106
MENDOTA,1889.09,90
MENDOTA,1890.089,89
MENDOTA,1891.106,106
MENDOTA,1892.093,93
MENDOTA,1893.097,97
MENDOTA,1894.074,74
MENDOTA,1895.098,98
MENDOTA,1896.096,96
MENDOTA,1897.1,100
MENDOTA,1898.086,86
MENDOTA,1899.108,108
MENDOTA,1900.107,107
MENDOTA,1901.101,101
MENDOTA,1902.089,89
MENDOTA,1903.083,83
MENDOTA,1904.108,108
MENDOTA,1905.091,91
MENDOTA,1906.098,98
MENDOTA,1907.083,83
MENDOTA,1908.084,84
MENDOTA,1909.097,97
MENDOTA,1910.085,85
MENDOTA,1911.079,79
MENDOTA,1912.105,105
MENDOTA,1913.092,92
MENDOTA,1914.1,100
MENDOTA,1915.1,100
MENDOTA,1916.099,99
MENDOTA,1917.101,101
MENDOTA,1918.095,95
MENDOTA,1919.085,85
MENDOTA,1920.088,88
MENDOTA,1921.075,75
MENDOTA,1922.09,90
MENDOTA,1923.11,110
MENDOTA,1924.105,105
MENDOTA,1925.093,93
MENDOTA,1926.109,109
MENDOTA,1927.078,78
MENDOTA,1928.092,92
MENDOTA,1929.086,86
MENDOTA,1930.079,79
MENDOTA,1931.083,83
MENDOTA,1932.095,95
MENDOTA,1933.094,94
MENDOTA,1934.085,85
MENDOTA,1935.087,87
MENDOTA,1936.09,90
MENDOTA,1937.103,103
MENDOTA,1938.081,81
MENDOTA,1939.094,94
MENDOTA,1940.107,107
MENDOTA,1941.101,101
MENDOTA,1942.085,85
MENDOTA,1943.092,92
MENDOTA,1944.099,99
MENDOTA,1945.079,79
MENDOTA,1946.08,80
MENDOTA,1947.1,100
MENDOTA,1948.094,94
MENDOTA,1949.089,89
MENDOTA,1950.101,101
MENDOTA,1951.102,102
MENDOTA,1952.099,99
MENDOTA,1953.08,80
MENDOTA,1954.084,84
MENDOTA,1955.094,94
MENDOTA,1956.095,95
MENDOTA,1957.094,94
MENDOTA,1958.094,94
MENDOTA,1959.104,104
MENDOTA,1960.103,103
MENDOTA,1961.096,96
MENDOTA,1962.102,102
MENDOTA,1963.093,93
MENDOTA,1964.102,102
MENDOTA,1965.104,104
MENDOTA,1966.076,76
MENDOTA,1967.093,93
MENDOTA,1968.087,87
MENDOTA,1969.1,100
MENDOTA,1970.098,98
MENDOTA,1971.103,103
MENDOTA,1972.11,110
MENDOTA,1973.073,73
MENDOTA,1974.095,95
MENDOTA,1975.109,109
MENDOTA,1976.084,84
MENDOTA,1977.087,87
MENDOTA,1978.101,101
MENDOTA,1979.109,109
MENDOTA,1980.097,97
MENDOTA,1981.082,82
MENDOTA,1982.093,93
MENDOTA,1983.067,67
MENDOTA,1984.099,99
MENDOTA,1985.086,86
MENDOTA,1986.09,90
MENDOTA,1987.071,71
MENDOTA,1988.089,89
MENDOTA,1989.095,95
MENDOTA,1990.074,74
MENDOTA,1991.083,83
MENDOTA,1992.086,86
MENDOTA,1993.101,101
MENDOTA,1994.09,90
MENDOTA,1995.08,80
MENDOTA,1996.098,98
MENDOTA,1997.091,91
MENDOTA,1998.058,58
MENDOTA,1999.08,80
MENDOTA,2000.067,67
MENDOTA,2001.097,97
MENDOTA,2002.074,74
MENDOTA,2003.093,93
MENDOTA,2004.087,87
MENDOTA,2005.095,95
MENDOTA,2006.083,83
MENDOTA,2007.086,86
MENDOTA,2008.101,101
MENDOTA,2009.082,82
MENDOTA,2010.085,85
MENDOTA,2011.093,93
MENDOTA,2012.071,71
MENDOTA,2013.101,101
MENDOTA,2014.102,102
MENDOTA,2015.093,93
MENDOTA,2016.073,72
MENDOTA,2017.066,67
MENDOTA,2018,90
MONONA,1852.085,85
MONONA,1856.105,105
MONONA,1857.124,124
MONONA,1858.081,81
MONONA,1859.074,74
MONONA,1860.086,86
MONONA,1861.1,100
MONONA,1862.103,103
MONONA,1863.095,95
MONONA,1864.111,111
MONONA,1865.095,95
MONONA,1866.108,108
MONONA,1867.109,109
MONONA,1868.091,91
MONONA,1869.105,105
MONONA,1870.101,101
MONONA,1871.091,91
MONONA,1872.111,111
MONONA,1873.108,108
MONONA,1874.104,104
MONONA,1875.104,104
MONONA,1876.101,101
MONONA,1877.106,106
MONONA,1878.068,68
MONONA,1879.1,100
MONONA,1880.078,78
MONONA,1881.121,121
MONONA,1882.078,78
MONONA,1883.103,103
MONONA,1884.106,106
MONONA,1885.107,107
MONONA,1886.107,107
MONONA,1887.105,105
MONONA,1888.104,104
MONONA,1889.085,85
MONONA,1890.088,88
MONONA,1891.106,106
MONONA,1892.092,92
MONONA,1893.097,97
MONONA,1894.07,70
MONONA,1895.098,98
MONONA,1896.092,92
MONONA,1897.095,95
MONONA,1898.085,85
MONONA,1899.105,105
MONONA,1900.106,106
MONONA,1901.101,101
MONONA,1902.086,86
MONONA,1903.08,80
MONONA,1904.106,106
MONONA,1905.093,93
MONONA,1906.098,98
MONONA,1907.083,83
MONONA,1908.086,86
MONONA,1909.096,96
MONONA,1910.083,83
MONONA,1911.08,80
MONONA,1912.1,100
MONONA,1913.092,92
MONONA,1914.079,79
MONONA,1915.099,99
MONONA,1916.095,95
MONONA,1917.101,101
MONONA,1918.093,93
MONONA,1919.079,79
MONONA,1920.088,88
MONONA,1921.075,75
MONONA,1922.084,84
MONONA,1923.109,109
MONONA,1924.104,104
MONONA,1925.086,86
MONONA,1926.105,105
MONONA,1927.076,76
MONONA,1928.086,86
MONONA,1929.086,86
MONONA,1930.076,76
MONONA,1931.083,83
MONONA,1932.09,90
MONONA,1933.086,86
MONONA,1934.085,85
MONONA,1935.087,87
MONONA,1936.087,87
MONONA,1937.102,102
MONONA,1938.081,81
MONONA,1939.09,90
MONONA,1940.102,102
MONONA,1941.099,99
MONONA,1942.083,83
MONONA,1943.09,90
MONONA,1944.084,84
MONONA,1945.076,76
MONONA,1946.08,80
MONONA,1947.095,95
MONONA,1948.086,86
MONONA,1949.085,85
MONONA,1950.097,97
MONONA,1951.098,98
MONONA,1952.097,97
MONONA,1953.079,79
MONONA,1954.071,71
MONONA,1955.083,83
MONONA,1956.084,84
MONONA,1957.074,74
MONONA,1958.09,90
MONONA,1959.102,102
MONONA,1960.099,99
MONONA,1961.086,86
MONONA,1962.097,97
MONONA,1963.093,93
MONONA,1964.079,79
MONONA,1965.098,98
MONONA,1966.076,76
MONONA,1967.093,93
MONONA,1968.08,80
MONONA,1969.085,85
MONONA,1970.077,77
MONONA,1971.077,77
MONONA,1972.099,99
MONONA,1973.066,66
MONONA,1974.083,83
MONONA,1975.097,97
MONONA,1976.08,80
MONONA,1977.073,73
MONONA,1978.097,97
MONONA,1979.095,95
MONONA,1980.09,90
MONONA,1981.075,75
MONONA,1982.089,89
MONONA,1983.065,65
MONONA,1984.094,94
MONONA,1985.085,85
MONONA,1986.088,88
MONONA,1987.067,67
MONONA,1988.085,85
MONONA,1989.091,91
MONONA,1990.074,74
MONONA,1991.08,80
MONONA,1992.076,76
MONONA,1993.101,101
MONONA,1994.09,90
MONONA,1995.09,90
MONONA,1996.084,84
MONONA,1997.085,85
MONONA,1998.058,58
MONONA,1999.069,69
MONONA,2000.066,66
MONONA,2001.09,90
MONONA,2002.057,57
MONONA,2003.081,81
MONONA,2004.08,80
MONONA,2005.09,90
MONONA,2006.071,71
MONONA,2007.085,85
MONONA,2008.098,98
MONONA,2009.083,83
MONONA,2010.084,84
MONONA,2011.093,93
MONONA,2012.072,72
MONONA,2013.101,101
MONONA,2014.1,100
MONONA,2015.092,92
MONONA,2016.073,72
MONONA,2017.066,67
MONONA,2018,88
Sunapee,1869,130
Sunapee,1870,130
Sunapee,1871,102
Sunapee,1872,124
Sunapee,1873,126
Sunapee,1874,129
Sunapee,1875,132
Sunapee,1876,132
Sunapee,1877,115
Sunapee,1878,108
Sunapee,1879,132
Sunapee,1880,111
Sunapee,1881,126
Sunapee,1882,119
Sunapee,1883,127
Sunapee,1884,123
Sunapee,1885,120
Sunapee,1886,114
Sunapee,1887,127
Sunapee,1888,135
Sunapee,1889,110
Sunapee,1890,116
Sunapee,1891,114
Sunapee,1892,107
Sunapee,1893,133
Sunapee,1894,109
Sunapee,1895,120
Sunapee,1896,119
Sunapee,1897,119
Sunapee,1898,108
Sunapee,1899,123
Sunapee,1900,120
Sunapee,1901,114
Sunapee,1902,102
Sunapee,1903,95
Sunapee,1904,122
Sunapee,1905,115
Sunapee,1906,119
Sunapee,1907,121
Sunapee,1908,117
Sunapee,1909,112
Sunapee,1910,96
Sunapee,1911,122
Sunapee,1912,117
Sunapee,1913,107
Sunapee,1914,121
Sunapee,1915,110
Sunapee,1916,122
Sunapee,1917,127
Sunapee,1918,116
Sunapee,1919,104
Sunapee,1920,120
Sunapee,1921,88
Sunapee,1922,96
Sunapee,1923,117
Sunapee,1924,110
Sunapee,1925,116
Sunapee,1926,124
Sunapee,1927,110
Sunapee,1928,121
Sunapee,1929,104
Sunapee,1930,107
Sunapee,1931,106
Sunapee,1932,117
Sunapee,1933,120
Sunapee,1934,114
Sunapee,1935,115
Sunapee,1936,105
Sunapee,1937,122
Sunapee,1938,108
Sunapee,1939,127
Sunapee,1940,128
Sunapee,1941,108
Sunapee,1942,109
Sunapee,1943,123
Sunapee,1944,122
Sunapee,1945,91
Sunapee,1946,88
Sunapee,1947,117
Sunapee,1948,99
Sunapee,1949,96
Sunapee,1950,116
Sunapee,1951,110
Sunapee,1952,111
Sunapee,1953,99
Sunapee,1954,106
Sunapee,1955,112
Sunapee,1956,127
Sunapee,1957,110
Sunapee,1958,114
Sunapee,1959,116
Sunapee,1960,115
Sunapee,1961,123
Sunapee,1962,116
Sunapee,1963,110
Sunapee,1964,119
Sunapee,1965,118
Sunapee,1966,116
Sunapee,1967,118
Sunapee,1968,105
Sunapee,1969,116
Sunapee,1970,121
Sunapee,1971,125
Sunapee,1972,127
Sunapee,1973,109
Sunapee,1974,110
Sunapee,1975,125
Sunapee,1976,107
Sunapee,1977,109
Sunapee,1978,121
Sunapee,1979,118
Sunapee,1980,111
Sunapee,1981,99
Sunapee,1982,118
Sunapee,1983,106
Sunapee,1984,112
Sunapee,1985,106
Sunapee,1986,105
Sunapee,1987,103
Sunapee,1988,107
Sunapee,1989,111
Sunapee,1990,106
Sunapee,1991,98
Sunapee,1992,114
Sunapee,1993,112
Sunapee,1994,110
Sunapee,1995,104
Sunapee,1996,117
Sunapee,1997,114
Sunapee,1998,103
Sunapee,1999,103
Sunapee,2000,100
Sunapee,2001,123
Sunapee,2002,102
Sunapee,2003,117
Sunapee,2004,109
Sunapee,2005,109
Sunapee,2006,107
Sunapee,2007,114
Sunapee,2008,114
Sunapee,2009,102
Sunapee,2010,94
Sunapee,2011,111
Sunapee,2012,82
Sunapee,2013,108
Sunapee,2014,113
Sunapee,2015,115
Sunapee,2016,77
Sunapee,2017,106
OneidaLake,1827,64
OneidaLake,1828,87
OneidaLake,1830,98
OneidaLake,1831,94
OneidaLake,1834,91
OneidaLake,1835,102
OneidaLake,1836,118
OneidaLake,1837,106
OneidaLake,1841,115
OneidaLake,1842,84
OneidaLake,1843,117
OneidaLake,1844,106
OneidaLake,1845,92
OneidaLake,1846,98
OneidaLake,1847,113
OneidaLake,1848,91
OneidaLake,1849,94
OneidaLake,1850,105
OneidaLake,1851,90
OneidaLake,1852,114
OneidaLake,1853,100
OneidaLake,1854,103
OneidaLake,1855,115
OneidaLake,1856,119
OneidaLake,1857,100
OneidaLake,1858,91
OneidaLake,1859,86
OneidaLake,1860,96
OneidaLake,1861,104
OneidaLake,1862,108
OneidaLake,1863,114
OneidaLake,1864,100
OneidaLake,1865,98
OneidaLake,1866,94
OneidaLake,1867,106
OneidaLake,1868,106
OneidaLake,1869,111
OneidaLake,1870,106
OneidaLake,1871,75
OneidaLake,1872,113
OneidaLake,1873,115
OneidaLake,1874,105
OneidaLake,1875,110
OneidaLake,1876,105
OneidaLake,1877,109
OneidaLake,1878,74
OneidaLake,1879,115
OneidaLake,1880,68
OneidaLake,1881,114
OneidaLake,1882,81
OneidaLake,1883,114
OneidaLake,1884,94
OneidaLake,1885,
OneidaLake,1886,96
OneidaLake,1887,115
OneidaLake,1888,116
OneidaLake,1889,104
OneidaLake,1890,88
OneidaLake,1891,104
OneidaLake,1892,97
OneidaLake,1893,105
OneidaLake,1894,82
OneidaLake,1895,110
OneidaLake,1896,111
OneidaLake,1897,94
OneidaLake,1898,76
OneidaLake,1899,109
OneidaLake,1900,108
OneidaLake,1901,104
OneidaLake,1902,87
OneidaLake,1903,61
OneidaLake,1904,75
OneidaLake,1905,76
OneidaLake,1906,94
OneidaLake,1907,101
OneidaLake,1908,96
OneidaLake,1909,96
OneidaLake,1910,84
OneidaLake,1911,105
OneidaLake,1912,109
OneidaLake,1913,81
OneidaLake,1914,106
OneidaLake,1915,102
OneidaLake,1916,105
OneidaLake,1917,93
OneidaLake,1918,105
OneidaLake,1919,80
OneidaLake,1920,95
OneidaLake,1921,75
OneidaLake,1922,97
OneidaLake,1923,111
OneidaLake,1924,99
OneidaLake,1925,84
OneidaLake,1926,111
OneidaLake,1927,87
OneidaLake,1928,99
OneidaLake,1929,83
OneidaLake,1930,91
OneidaLake,1931,89
OneidaLake,1932,102
OneidaLake,1933,94
OneidaLake,1934,101
OneidaLake,1935,102
OneidaLake,1936,91
OneidaLake,1937,107
OneidaLake,1938,83
OneidaLake,1939,107
OneidaLake,1940,109
OneidaLake,1941,105
OneidaLake,1942,92
OneidaLake,1943,93
OneidaLake,1944,104
OneidaLake,1945,84
OneidaLake,1946,85
OneidaLake,1947,103
OneidaLake,1948,87
OneidaLake,1949,86
OneidaLake,1950,88
OneidaLake,1951,93
OneidaLake,1952,96
OneidaLake,1953,79
OneidaLake,1954,87
OneidaLake,1955,107
OneidaLake,1956,103
OneidaLake,1957,100
OneidaLake,1958,96
OneidaLake,1959,108
OneidaLake,1960,104
OneidaLake,1961,101
OneidaLake,1962,93
OneidaLake,1963,99
OneidaLake,1964,98
OneidaLake,1965,107
OneidaLake,1966,88
OneidaLake,1967,99
OneidaLake,1968,92
OneidaLake,1969,104
OneidaLake,1970,104
OneidaLake,1971,109
OneidaLake,1972,110
OneidaLake,1973,76
OneidaLake,1974,76
OneidaLake,1975,87
OneidaLake,1976,87
OneidaLake,1977,90
OneidaLake,1978,105
OneidaLake,1979,94
OneidaLake,1980,95
OneidaLake,1981,76
OneidaLake,1982,107
OneidaLake,1983,87
OneidaLake,1984,101
OneidaLake,1985,88
OneidaLake,1986,92
OneidaLake,1987,90
OneidaLake,1988,94
OneidaLake,1989,84
OneidaLake,1990,81
OneidaLake,1991,78
OneidaLake,1992,102
OneidaLake,1993,105
OneidaLake,1994,109
OneidaLake,1995,97
OneidaLake,1996,101
OneidaLake,1997,96
OneidaLake,1998,86
OneidaLake,1999,96
OneidaLake,2000,77
OneidaLake,2001,103
OneidaLake,2002,62
OneidaLake,2003,105
OneidaLake,2004,95
OneidaLake,2005,98
OneidaLake,2006,91
OneidaLake,2007,94
OneidaLake,2008,92
OneidaLake,2009,88
OneidaLake,2010,81
OneidaLake,2011,107
OneidaLake,2012,53
OneidaLake,2013,91
OneidaLake,2014,103
OneidaLake,2015,105
WINGRA,1878,68
WINGRA,1879,88
WINGRA,1880,83
WINGRA,1881,119
WINGRA,1882,61
WINGRA,1883,100
WINGRA,1884,104
WINGRA,1885,103
WINGRA,1886,105
WINGRA,1887,
WINGRA,1888,104
WINGRA,1889,83
WINGRA,1890,83
WINGRA,1891,
WINGRA,1892,93
WINGRA,1893,95
WINGRA,1894,69
WINGRA,1895,
WINGRA,1896,90
WINGRA,1914,
WINGRA,1915,
WINGRA,1916,80
WINGRA,1917,
WINGRA,1927,
WINGRA,1928,84
WINGRA,1929,84
WINGRA,1930,
WINGRA,1935,84
WINGRA,1936,84
WINGRA,1937,100
WINGRA,1938,80
WINGRA,1939,84
WINGRA,1940,100
WINGRA,1941,
WINGRA,1944,84
WINGRA,1945,76
WINGRA,1946,79
WINGRA,1948,86
WINGRA,1949,86
WINGRA,1950,97
WINGRA,1951,99
WINGRA,1953,
WINGRA,1959,
WINGRA,1960,
WINGRA,1963,88
WINGRA,1969,99
WINGRA,1970,93
WINGRA,1971,100
WINGRA,1972,107
WINGRA,1973,73
WINGRA,1974,89
WINGRA,1975,109
WINGRA,1976,81
WINGRA,1977,74
WINGRA,1978,96
WINGRA,1979,107
WINGRA,1980,93
WINGRA,1981,73
WINGRA,1982,
WINGRA,1983,65
WINGRA,1984,93
WINGRA,1985,79
WINGRA,1986,88
WINGRA,1987,67
WINGRA,1988,84
WINGRA,1989,88
WINGRA,1990,73
WINGRA,1991,82
WINGRA,1992,68
WINGRA,1993,99
WINGRA,1994,85
WINGRA,1995,76
WINGRA,1996,85
WINGRA,1997,85
WINGRA,1998,57
WINGRA,1999,70
WINGRA,2000,64
WINGRA,2001,95
WINGRA,2002,73
WINGRA,2003,83
WINGRA,2004,76
WINGRA,2005,93
WINGRA,2006,73
WINGRA,2007,84
WINGRA,2008,97
WINGRA,2009,77
WINGRA,2010,85
WINGRA,2011,91
WINGRA,2012,68
WINGRA,2013,99
WINGRA,2014,99
WINGRA,2015,80
WINGRA,2016,68
WINGRA,2017,58
WINGRA,2018,83
 COBBOSSEECONTEE LAKE,1840,105
 COBBOSSEECONTEE LAKE,1841,118
 COBBOSSEECONTEE LAKE,1842,106
 COBBOSSEECONTEE LAKE,1843,125
 COBBOSSEECONTEE LAKE,1844,112
 COBBOSSEECONTEE LAKE,1845,122
 COBBOSSEECONTEE LAKE,1846,107
 COBBOSSEECONTEE LAKE,1847,128
 COBBOSSEECONTEE LAKE,1850,121
 COBBOSSEECONTEE LAKE,1851,111
 COBBOSSEECONTEE LAKE,1852,123
 COBBOSSEECONTEE LAKE,1853,110
 COBBOSSEECONTEE LAKE,1854,128
 COBBOSSEECONTEE LAKE,1855,115
 COBBOSSEECONTEE LAKE,1856,116
 COBBOSSEECONTEE LAKE,1857,107
 COBBOSSEECONTEE LAKE,1858,108
 COBBOSSEECONTEE LAKE,1859,120
 COBBOSSEECONTEE LAKE,1860,113
 COBBOSSEECONTEE LAKE,1861,115
 COBBOSSEECONTEE LAKE,1862,126
 COBBOSSEECONTEE LAKE,1863,122
 COBBOSSEECONTEE LAKE,1864,113
 COBBOSSEECONTEE LAKE,1865,103
 COBBOSSEECONTEE LAKE,1866,108
 COBBOSSEECONTEE LAKE,1867,117
 COBBOSSEECONTEE LAKE,1868,121
 COBBOSSEECONTEE LAKE,1869,119
 COBBOSSEECONTEE LAKE,1870,114
 COBBOSSEECONTEE LAKE,1871,99
 COBBOSSEECONTEE LAKE,1872,123
 COBBOSSEECONTEE LAKE,1873,122
 COBBOSSEECONTEE LAKE,1874,124
 COBBOSSEECONTEE LAKE,1875,122
 COBBOSSEECONTEE LAKE,1876,121
 COBBOSSEECONTEE LAKE,1877,108
 COBBOSSEECONTEE LAKE,1878,104
 COBBOSSEECONTEE LAKE,1879,125
 COBBOSSEECONTEE LAKE,1880,112
 COBBOSSEECONTEE LAKE,1881,111
 COBBOSSEECONTEE LAKE,1882,118
 COBBOSSEECONTEE LAKE,1883,121
 COBBOSSEECONTEE LAKE,1884,116
 COBBOSSEECONTEE LAKE,1885,119
 COBBOSSEECONTEE LAKE,1886,110
 COBBOSSEECONTEE LAKE,1887,127
 COBBOSSEECONTEE LAKE,1888,129
 COBBOSSEECONTEE LAKE,1889,105
 COBBOSSEECONTEE LAKE,1890,116
 COBBOSSEECONTEE LAKE,1891,118
 COBBOSSEECONTEE LAKE,1892,108
 COBBOSSEECONTEE LAKE,1893,124
 COBBOSSEECONTEE LAKE,1894,114
 COBBOSSEECONTEE LAKE,1895,111
 COBBOSSEECONTEE LAKE,1896,112
 COBBOSSEECONTEE LAKE,1897,114
 COBBOSSEECONTEE LAKE,1898,106
 COBBOSSEECONTEE LAKE,1899,119
 COBBOSSEECONTEE LAKE,1900,114
 COBBOSSEECONTEE LAKE,1901,110
 COBBOSSEECONTEE LAKE,1902,92
 COBBOSSEECONTEE LAKE,1903,95
 COBBOSSEECONTEE LAKE,1904,118
 COBBOSSEECONTEE LAKE,1905,111
 COBBOSSEECONTEE LAKE,1906,114
 COBBOSSEECONTEE LAKE,1907,121
 COBBOSSEECONTEE LAKE,1908,111
 COBBOSSEECONTEE LAKE,1909,109
 COBBOSSEECONTEE LAKE,1910,94
 COBBOSSEECONTEE LAKE,1911,118
 COBBOSSEECONTEE LAKE,1912,114
 COBBOSSEECONTEE LAKE,1913,107
 COBBOSSEECONTEE LAKE,1914,116
 COBBOSSEECONTEE LAKE,1915,104
 COBBOSSEECONTEE LAKE,1916,112
 COBBOSSEECONTEE LAKE,1917,116
 COBBOSSEECONTEE LAKE,1918,118
 COBBOSSEECONTEE LAKE,1919,100
 COBBOSSEECONTEE LAKE,1920,118
 COBBOSSEECONTEE LAKE,1921,91
 COBBOSSEECONTEE LAKE,1922,105
 COBBOSSEECONTEE LAKE,1923,116
 COBBOSSEECONTEE LAKE,1924,109
 COBBOSSEECONTEE LAKE,1925,96
 COBBOSSEECONTEE LAKE,1926,123
 COBBOSSEECONTEE LAKE,1927,106
 COBBOSSEECONTEE LAKE,1928,110
 COBBOSSEECONTEE LAKE,1929,111
 COBBOSSEECONTEE LAKE,1930,103
 COBBOSSEECONTEE LAKE,1931,102
 COBBOSSEECONTEE LAKE,1932,110
 COBBOSSEECONTEE LAKE,1933,109
 COBBOSSEECONTEE LAKE,1934,112
 COBBOSSEECONTEE LAKE,1935,115
 COBBOSSEECONTEE LAKE,1936,102
 COBBOSSEECONTEE LAKE,1937,113
 COBBOSSEECONTEE LAKE,1938,108
 COBBOSSEECONTEE LAKE,1939,124
 COBBOSSEECONTEE LAKE,1940,122
 COBBOSSEECONTEE LAKE,1941,102
 COBBOSSEECONTEE LAKE,1942,103
 COBBOSSEECONTEE LAKE,1943,116
 COBBOSSEECONTEE LAKE,1944,118
 COBBOSSEECONTEE LAKE,1945,93
 COBBOSSEECONTEE LAKE,1946,97
 COBBOSSEECONTEE LAKE,1947,104
 COBBOSSEECONTEE LAKE,1948,99
 COBBOSSEECONTEE LAKE,1949,101
 COBBOSSEECONTEE LAKE,1950,111
 COBBOSSEECONTEE LAKE,1951,96
 COBBOSSEECONTEE LAKE,1952,110
 COBBOSSEECONTEE LAKE,1953,87
 COBBOSSEECONTEE LAKE,1954,109
 COBBOSSEECONTEE LAKE,1955,106
 COBBOSSEECONTEE LAKE,1956,118
 COBBOSSEECONTEE LAKE,1957,103
 COBBOSSEECONTEE LAKE,1958,106
 COBBOSSEECONTEE LAKE,1959,112
 COBBOSSEECONTEE LAKE,1960,114
 COBBOSSEECONTEE LAKE,1961,120
 COBBOSSEECONTEE LAKE,1962,112
 COBBOSSEECONTEE LAKE,1963,111
 COBBOSSEECONTEE LAKE,1964,111
 COBBOSSEECONTEE LAKE,1965,109
 COBBOSSEECONTEE LAKE,1966,109
 COBBOSSEECONTEE LAKE,1967,119
 COBBOSSEECONTEE LAKE,1968,103
 COBBOSSEECONTEE LAKE,1969,114
 COBBOSSEECONTEE LAKE,1970,120
 COBBOSSEECONTEE LAKE,1971,120
 COBBOSSEECONTEE LAKE,1972,119
 COBBOSSEECONTEE LAKE,1973,107
 COBBOSSEECONTEE LAKE,1974,96
 COBBOSSEECONTEE LAKE,1975,115
 COBBOSSEECONTEE LAKE,1976,106
 COBBOSSEECONTEE LAKE,1977,111
 COBBOSSEECONTEE LAKE,1978,117
 COBBOSSEECONTEE LAKE,1979,107
 COBBOSSEECONTEE LAKE,1980,99
 COBBOSSEECONTEE LAKE,1981,75
 COBBOSSEECONTEE LAKE,1982,112
 COBBOSSEECONTEE LAKE,1983,100
 COBBOSSEECONTEE LAKE,1984,106
 COBBOSSEECONTEE LAKE,1985,95
 COBBOSSEECONTEE LAKE,1986,101
 COBBOSSEECONTEE LAKE,1987,101
 COBBOSSEECONTEE LAKE,1988,101
 COBBOSSEECONTEE LAKE,1989,113
 COBBOSSEECONTEE LAKE,1990,104
 COBBOSSEECONTEE LAKE,1991,97
 COBBOSSEECONTEE LAKE,1992,99
 COBBOSSEECONTEE LAKE,1993,111
 COBBOSSEECONTEE LAKE,1994,114
 COBBOSSEECONTEE LAKE,1995,99
 COBBOSSEECONTEE LAKE,1996,97
 COBBOSSEECONTEE LAKE,1997,113
 COBBOSSEECONTEE LAKE,1998,95
 COBBOSSEECONTEE LAKE,1999,94
 COBBOSSEECONTEE LAKE,2000,93
 COBBOSSEECONTEE LAKE,2001,118
 COBBOSSEECONTEE LAKE,2002,94
 COBBOSSEECONTEE LAKE,2003,113
 COBBOSSEECONTEE LAKE,2004,103
 COBBOSSEECONTEE LAKE,2005,107
 COBBOSSEECONTEE LAKE,2006,90
 COBBOSSEECONTEE LAKE,2007,115
 COBBOSSEECONTEE LAKE,2008,111
 COBBOSSEECONTEE LAKE,2009,103
 COBBOSSEECONTEE LAKE,2010,77
 COBBOSSEECONTEE LAKE,2011,108
 COBBOSSEECONTEE LAKE,2012,82
 COBBOSSEECONTEE LAKE,2013,98
 COBBOSSEECONTEE LAKE,2014,112
 COBBOSSEECONTEE LAKE,2015,111
 COBBOSSEECONTEE LAKE,2016,75
 COBBOSSEECONTEE LAKE,2017,107
 COBBOSSEECONTEE LAKE,2018,113
 DAMARISCOTTA LAKE,1837,115
 DAMARISCOTTA LAKE,1838,110
 DAMARISCOTTA LAKE,1839,105
 DAMARISCOTTA LAKE,1840,102
 DAMARISCOTTA LAKE,1841,115
 DAMARISCOTTA LAKE,1842,107
 DAMARISCOTTA LAKE,1843,121
 DAMARISCOTTA LAKE,1844,104
 DAMARISCOTTA LAKE,1845,115
 DAMARISCOTTA LAKE,1846,100
 DAMARISCOTTA LAKE,1847,123
 DAMARISCOTTA LAKE,1848,101
 DAMARISCOTTA LAKE,1849,98
 DAMARISCOTTA LAKE,1850,118
 DAMARISCOTTA LAKE,1851,106
 DAMARISCOTTA LAKE,1852,117
 DAMARISCOTTA LAKE,1853,103
 DAMARISCOTTA LAKE,1854,124
 DAMARISCOTTA LAKE,1855,105
 DAMARISCOTTA LAKE,1856,116
 DAMARISCOTTA LAKE,1857,104
 DAMARISCOTTA LAKE,1858,119
 DAMARISCOTTA LAKE,1859,100
 DAMARISCOTTA LAKE,1860,115
 DAMARISCOTTA LAKE,1861,108
 DAMARISCOTTA LAKE,1862,122
 DAMARISCOTTA LAKE,1863,114
 DAMARISCOTTA LAKE,1864,109
 DAMARISCOTTA LAKE,1865,97
 DAMARISCOTTA LAKE,1866,106
 DAMARISCOTTA LAKE,1867,113
 DAMARISCOTTA LAKE,1868,121
 DAMARISCOTTA LAKE,1869,115
 DAMARISCOTTA LAKE,1870,108
 DAMARISCOTTA LAKE,1871,86
 DAMARISCOTTA LAKE,1872,123
 DAMARISCOTTA LAKE,1873,119
 DAMARISCOTTA LAKE,1874,116
 DAMARISCOTTA LAKE,1875,122
 DAMARISCOTTA LAKE,1876,117
 DAMARISCOTTA LAKE,1877,105
 DAMARISCOTTA LAKE,1878,97
 DAMARISCOTTA LAKE,1879,120
 DAMARISCOTTA LAKE,1880,107
 DAMARISCOTTA LAKE,1881,106
 DAMARISCOTTA LAKE,1882,115
 DAMARISCOTTA LAKE,1883,118
 DAMARISCOTTA LAKE,1884,114
 DAMARISCOTTA LAKE,1885,115
 DAMARISCOTTA LAKE,1886,114
 DAMARISCOTTA LAKE,1887,124
 DAMARISCOTTA LAKE,1888,125
 DAMARISCOTTA LAKE,1889,102
 DAMARISCOTTA LAKE,1890,112
 DAMARISCOTTA LAKE,1891,108
 DAMARISCOTTA LAKE,1892,101
 DAMARISCOTTA LAKE,1893,119
 DAMARISCOTTA LAKE,1894,110
 DAMARISCOTTA LAKE,1895,111
 DAMARISCOTTA LAKE,1896,109
 DAMARISCOTTA LAKE,1897,109
 DAMARISCOTTA LAKE,1898,102
 DAMARISCOTTA LAKE,1899,115
 DAMARISCOTTA LAKE,1900,102
 DAMARISCOTTA LAKE,1901,108
 DAMARISCOTTA LAKE,1902,86
 DAMARISCOTTA LAKE,1903,85
 DAMARISCOTTA LAKE,1904,116
 DAMARISCOTTA LAKE,1905,111
 DAMARISCOTTA LAKE,1906,111
 DAMARISCOTTA LAKE,1907,120
 DAMARISCOTTA LAKE,1908,106
 DAMARISCOTTA LAKE,1909,104
 DAMARISCOTTA LAKE,1910,92
 DAMARISCOTTA LAKE,1911,118
 DAMARISCOTTA LAKE,1912,109
 DAMARISCOTTA LAKE,1913,95
 DAMARISCOTTA LAKE,1914,111
 DAMARISCOTTA LAKE,1915,91
 DAMARISCOTTA LAKE,1916,108
 DAMARISCOTTA LAKE,1917,114
 DAMARISCOTTA LAKE,1918,114
 DAMARISCOTTA LAKE,1919,95
 DAMARISCOTTA LAKE,1920,113
 DAMARISCOTTA LAKE,1921,87
 DAMARISCOTTA LAKE,1922,102
 DAMARISCOTTA LAKE,1923,115
 DAMARISCOTTA LAKE,1924,108
 DAMARISCOTTA LAKE,1925,93
 DAMARISCOTTA LAKE,1926,122
 DAMARISCOTTA LAKE,1928,102
 DAMARISCOTTA LAKE,1929,106
 DAMARISCOTTA LAKE,1930,100
 DAMARISCOTTA LAKE,1931,101
 DAMARISCOTTA LAKE,1932,102
 DAMARISCOTTA LAKE,1933,97
 DAMARISCOTTA LAKE,1934,107
 DAMARISCOTTA LAKE,1935,112
 DAMARISCOTTA LAKE,1936,91
 DAMARISCOTTA LAKE,1937,108
 DAMARISCOTTA LAKE,1938,100
 DAMARISCOTTA LAKE,1939,121
 DAMARISCOTTA LAKE,1940,117
 DAMARISCOTTA LAKE,1941,103
 DAMARISCOTTA LAKE,1942,100
 DAMARISCOTTA LAKE,1943,112
 DAMARISCOTTA LAKE,1944,113
 DAMARISCOTTA LAKE,1945,91
 DAMARISCOTTA LAKE,1946,90
 DAMARISCOTTA LAKE,1947,101
 DAMARISCOTTA LAKE,1948,94
 DAMARISCOTTA LAKE,1949,96
 DAMARISCOTTA LAKE,1950,108
 DAMARISCOTTA LAKE,1951,92
 DAMARISCOTTA LAKE,1951,91
 DAMARISCOTTA LAKE,1952,107
 DAMARISCOTTA LAKE,1952,100
 DAMARISCOTTA LAKE,1953,84
 DAMARISCOTTA LAKE,1953,82
 DAMARISCOTTA LAKE,1954,99
 DAMARISCOTTA LAKE,1954,93
 DAMARISCOTTA LAKE,1955,101
 DAMARISCOTTA LAKE,1955,97
 DAMARISCOTTA LAKE,1956,116
 DAMARISCOTTA LAKE,1956,113
 DAMARISCOTTA LAKE,1957,96
 DAMARISCOTTA LAKE,1957,92
 DAMARISCOTTA LAKE,1958,99
 DAMARISCOTTA LAKE,1958,94
 DAMARISCOTTA LAKE,1959,109
 DAMARISCOTTA LAKE,1959,105
 DAMARISCOTTA LAKE,1960,110
 DAMARISCOTTA LAKE,1960,109
 DAMARISCOTTA LAKE,1961,119
 DAMARISCOTTA LAKE,1961,117
 DAMARISCOTTA LAKE,1962,104
 DAMARISCOTTA LAKE,1962,100
 DAMARISCOTTA LAKE,1963,114
 DAMARISCOTTA LAKE,1963,110
 DAMARISCOTTA LAKE,1964,111
 DAMARISCOTTA LAKE,1964,107
 DAMARISCOTTA LAKE,1965,103
 DAMARISCOTTA LAKE,1965,99
 DAMARISCOTTA LAKE,1966,110
 DAMARISCOTTA LAKE,1966,106
 DAMARISCOTTA LAKE,1967,121
 DAMARISCOTTA LAKE,1967,117
 DAMARISCOTTA LAKE,1968,103
 DAMARISCOTTA LAKE,1968,99
 DAMARISCOTTA LAKE,1969,110
 DAMARISCOTTA LAKE,1969,108
 DAMARISCOTTA LAKE,1970,112
 DAMARISCOTTA LAKE,1970,108
 DAMARISCOTTA LAKE,1971,118
 DAMARISCOTTA LAKE,1971,114
 DAMARISCOTTA LAKE,1972,114
 DAMARISCOTTA LAKE,1972,110
 DAMARISCOTTA LAKE,1973,96
 DAMARISCOTTA LAKE,1973,92
 DAMARISCOTTA LAKE,1974,77
 DAMARISCOTTA LAKE,1974,73
 DAMARISCOTTA LAKE,1975,111
 DAMARISCOTTA LAKE,1975,107
 DAMARISCOTTA LAKE,1976,98
 DAMARISCOTTA LAKE,1976,94
 DAMARISCOTTA LAKE,1977,108
 DAMARISCOTTA LAKE,1977,104
 DAMARISCOTTA LAKE,1978,116
 DAMARISCOTTA LAKE,1978,112
 DAMARISCOTTA LAKE,1979,97
 DAMARISCOTTA LAKE,1979,95
 DAMARISCOTTA LAKE,1980,96
 DAMARISCOTTA LAKE,1980,94
 DAMARISCOTTA LAKE,1981,72
 DAMARISCOTTA LAKE,1981,66
 DAMARISCOTTA LAKE,1982,112
 DAMARISCOTTA LAKE,1982,109
 DAMARISCOTTA LAKE,1983,85
 DAMARISCOTTA LAKE,1983,81
 DAMARISCOTTA LAKE,1984,102
 DAMARISCOTTA LAKE,1984,100
 DAMARISCOTTA LAKE,1985,93
 DAMARISCOTTA LAKE,1985,87
 DAMARISCOTTA LAKE,1986,96
 DAMARISCOTTA LAKE,1986,93
 DAMARISCOTTA LAKE,1987,101
 DAMARISCOTTA LAKE,1987,100
 DAMARISCOTTA LAKE,1988,96
 DAMARISCOTTA LAKE,1988,93
 DAMARISCOTTA LAKE,1989,106
 DAMARISCOTTA LAKE,1989,97
 DAMARISCOTTA LAKE,1990,100
 DAMARISCOTTA LAKE,1990,94
 DAMARISCOTTA LAKE,1991,96
 DAMARISCOTTA LAKE,1991,88
 DAMARISCOTTA LAKE,1992,99
 DAMARISCOTTA LAKE,1992,96
 DAMARISCOTTA LAKE,1993,111
 DAMARISCOTTA LAKE,1993,110
 DAMARISCOTTA LAKE,1994,106
 DAMARISCOTTA LAKE,1994,103
 DAMARISCOTTA LAKE,1995,95
 DAMARISCOTTA LAKE,1995,104
 DAMARISCOTTA LAKE,1996,97
 DAMARISCOTTA LAKE,1996,93
 DAMARISCOTTA LAKE,1997,111
 DAMARISCOTTA LAKE,1997,107
 DAMARISCOTTA LAKE,1998,73
 DAMARISCOTTA LAKE,1998,69
 DAMARISCOTTA LAKE,1999,81
 DAMARISCOTTA LAKE,1999,67
 DAMARISCOTTA LAKE,2000,93
 DAMARISCOTTA LAKE,2000,87
 DAMARISCOTTA LAKE,2001,113
 DAMARISCOTTA LAKE,2001,113
 DAMARISCOTTA LAKE,2002,73
 DAMARISCOTTA LAKE,2002,75
 DAMARISCOTTA LAKE,2003,107
 DAMARISCOTTA LAKE,2003,106
 DAMARISCOTTA LAKE,2004,100
 DAMARISCOTTA LAKE,2004,111
 DAMARISCOTTA LAKE,2005,111
 DAMARISCOTTA LAKE,2006,86
 DAMARISCOTTA LAKE,2007,112
 DAMARISCOTTA LAKE,2008,112
 DAMARISCOTTA LAKE,2009,101
 DAMARISCOTTA LAKE,2010,77
 DAMARISCOTTA LAKE,2011,105
 DAMARISCOTTA LAKE,2012,80
 DAMARISCOTTA LAKE,2013,96
 DAMARISCOTTA LAKE,2014,104
 DAMARISCOTTA LAKE,2015,109
 DAMARISCOTTA LAKE,2016,73
 DAMARISCOTTA LAKE,2017,105
 DAMARISCOTTA LAKE,2018,103
 LAKE AUBURN,1836,128
 LAKE AUBURN,1837,120
 LAKE AUBURN,1838,117
 LAKE AUBURN,1839,108
 LAKE AUBURN,1840,118
 LAKE AUBURN,1841,120
 LAKE AUBURN,1842,109
 LAKE AUBURN,1843,126
 LAKE AUBURN,1844,110
 LAKE AUBURN,1845,122
 LAKE AUBURN,1846,105
 LAKE AUBURN,1847,130
 LAKE AUBURN,1848,107
 LAKE AUBURN,1849,104
 LAKE AUBURN,1850,121
 LAKE AUBURN,1851,111
 LAKE AUBURN,1852,127
 LAKE AUBURN,1853,112
 LAKE AUBURN,1854,126
 LAKE AUBURN,1855,125
 LAKE AUBURN,1856,115
 LAKE AUBURN,1857,111
 LAKE AUBURN,1859,120
 LAKE AUBURN,1860,114
 LAKE AUBURN,1861,115
 LAKE AUBURN,1862,126
 LAKE AUBURN,1863,123
 LAKE AUBURN,1870,114
 LAKE AUBURN,1871,106
 LAKE AUBURN,1872,121
 LAKE AUBURN,1873,121
 LAKE AUBURN,1874,134
 LAKE AUBURN,1875,126
 LAKE AUBURN,1876,125
 LAKE AUBURN,1877,110
 LAKE AUBURN,1878,105
 LAKE AUBURN,1879,128
 LAKE AUBURN,1880,111
 LAKE AUBURN,1881,113
 LAKE AUBURN,1882,122
 LAKE AUBURN,1883,121
 LAKE AUBURN,1884,118
 LAKE AUBURN,1885,118
 LAKE AUBURN,1886,114
 LAKE AUBURN,1887,126
 LAKE AUBURN,1888,131
 LAKE AUBURN,1889,107
 LAKE AUBURN,1890,116
 LAKE AUBURN,1891,117
 LAKE AUBURN,1892,111
 LAKE AUBURN,1893,125
 LAKE AUBURN,1894,114
 LAKE AUBURN,1895,113
 LAKE AUBURN,1896,115
 LAKE AUBURN,1897,116
 LAKE AUBURN,1898,108
 LAKE AUBURN,1899,120
 LAKE AUBURN,1900,116
 LAKE AUBURN,1901,105
 LAKE AUBURN,1902,94
 LAKE AUBURN,1903,94
 LAKE AUBURN,1904,121
 LAKE AUBURN,1905,113
 LAKE AUBURN,1906,114
 LAKE AUBURN,1907,120
 LAKE AUBURN,1908,114
 LAKE AUBURN,1909,110
 LAKE AUBURN,1910,95
 LAKE AUBURN,1911,119
 LAKE AUBURN,1912,113
 LAKE AUBURN,1913,108
 LAKE AUBURN,1914,114
 LAKE AUBURN,1915,103
 LAKE AUBURN,1916,112
 LAKE AUBURN,1917,117
 LAKE AUBURN,1918,114
 LAKE AUBURN,1919,101
 LAKE AUBURN,1920,117
 LAKE AUBURN,1921,93
 LAKE AUBURN,1922,107
 LAKE AUBURN,1923,118
 LAKE AUBURN,1924,111
 LAKE AUBURN,1925,99
 LAKE AUBURN,1926,122
 LAKE AUBURN,1927,106
 LAKE AUBURN,1928,110
 LAKE AUBURN,1929,113
 LAKE AUBURN,1930,104
 LAKE AUBURN,1931,101
 LAKE AUBURN,1932,110
 LAKE AUBURN,1933,112
 LAKE AUBURN,1934,113
 LAKE AUBURN,1935,115
 LAKE AUBURN,1936,104
 LAKE AUBURN,1937,117
 LAKE AUBURN,1938,109
 LAKE AUBURN,1939,126
 LAKE AUBURN,1940,126
 LAKE AUBURN,1941,104
 LAKE AUBURN,1942,108
 LAKE AUBURN,1943,117
 LAKE AUBURN,1944,119
 LAKE AUBURN,1945,93
 LAKE AUBURN,1946,101
 LAKE AUBURN,1947,108
 LAKE AUBURN,1948,101
 LAKE AUBURN,1949,100
 LAKE AUBURN,1950,114
 LAKE AUBURN,1951,99
 LAKE AUBURN,1952,110
 LAKE AUBURN,1953,91
 LAKE AUBURN,1954,109
 LAKE AUBURN,1955,107
 LAKE AUBURN,1956,119
 LAKE AUBURN,1957,108
 LAKE AUBURN,1958,107
 LAKE AUBURN,1959,114
 LAKE AUBURN,1960,121
 LAKE AUBURN,1961,121
 LAKE AUBURN,1962,113
 LAKE AUBURN,1963,110
 LAKE AUBURN,1964,116
 LAKE AUBURN,1965,112
 LAKE AUBURN,1966,110
 LAKE AUBURN,1967,119
 LAKE AUBURN,1968,104
 LAKE AUBURN,1969,114
 LAKE AUBURN,1970,117
 LAKE AUBURN,1971,121
 LAKE AUBURN,1972,126
 LAKE AUBURN,1973,107
 LAKE AUBURN,1974,100
 LAKE AUBURN,1975,119
 LAKE AUBURN,1976,107
 LAKE AUBURN,1977,109
 LAKE AUBURN,1978,118
 LAKE AUBURN,1979,113
 LAKE AUBURN,1980,103
 LAKE AUBURN,1981,89
 LAKE AUBURN,1982,118
 LAKE AUBURN,1983,97
 LAKE AUBURN,1984,110
 LAKE AUBURN,1985,94
 LAKE AUBURN,1986,104
 LAKE AUBURN,1987,102
 LAKE AUBURN,1988,102
 LAKE AUBURN,1989,112
 LAKE AUBURN,1990,104
 LAKE AUBURN,1991,98
 LAKE AUBURN,1992,100
 LAKE AUBURN,1993,111
 LAKE AUBURN,1994,113
 LAKE AUBURN,1995,104
 LAKE AUBURN,1996,99
 LAKE AUBURN,1997,114
 LAKE AUBURN,1998,98
 LAKE AUBURN,1999,97
 LAKE AUBURN,2000,96
 LAKE AUBURN,2001,118
 LAKE AUBURN,2002,94
 LAKE AUBURN,2003,116
 LAKE AUBURN,2004,104
 LAKE AUBURN,2005,110
 LAKE AUBURN,2006,90
 LAKE AUBURN,2007,114
 LAKE AUBURN,2008,113
 LAKE AUBURN,2009,
 LAKE AUBURN,2010,81
 LAKE AUBURN,2011,111
 LAKE AUBURN,2012,
 LAKE AUBURN,2013,104
 LAKE AUBURN,2014,113
 LAKE AUBURN,2015,113
 LAKE AUBURN,2016,78
 LAKE AUBURN,2017,109
 LAKE AUBURN,2018,115
 LAKE GENEVA,1863,91
 LAKE GENEVA,1864,98
 LAKE GENEVA,1865,92
 LAKE GENEVA,1866,107
 LAKE GENEVA,1867,108
 LAKE GENEVA,1868,84
 LAKE GENEVA,1869,75
 LAKE GENEVA,1870,102
 LAKE GENEVA,1871,79
 LAKE GENEVA,1872,105
 LAKE GENEVA,1873,98
 LAKE GENEVA,1874,102
 LAKE GENEVA,1875,105
 LAKE GENEVA,1876,100
 LAKE GENEVA,1877,103
 LAKE GENEVA,1878,52
 LAKE GENEVA,1879,103
 LAKE GENEVA,1880,62
 LAKE GENEVA,1881,124
 LAKE GENEVA,1882,60
 LAKE GENEVA,1883,103
 LAKE GENEVA,1884,103
 LAKE GENEVA,1885,110
 LAKE GENEVA,1886,106
 LAKE GENEVA,1887,92
 LAKE GENEVA,1888,102
 LAKE GENEVA,1889,90
 LAKE GENEVA,1890,99
 LAKE GENEVA,1891,103
 LAKE GENEVA,1892,92
 LAKE GENEVA,1893,95
 LAKE GENEVA,1894,70
 LAKE GENEVA,1895,96
 LAKE GENEVA,1896,96
 LAKE GENEVA,1897,97
 LAKE GENEVA,1898,84
 LAKE GENEVA,1899,104
 LAKE GENEVA,1900,107
 LAKE GENEVA,1901,101
 LAKE GENEVA,1902,74
 LAKE GENEVA,1903,77
 LAKE GENEVA,1904,105
 LAKE GENEVA,1905,87
 LAKE GENEVA,1906,98
 LAKE GENEVA,1907,83
 LAKE GENEVA,1908,85
 LAKE GENEVA,1909,95
 LAKE GENEVA,1910,83
 LAKE GENEVA,1911,84
 LAKE GENEVA,1912,103
 LAKE GENEVA,1913,88
 LAKE GENEVA,1914,91
 LAKE GENEVA,1915,98
 LAKE GENEVA,1916,92
 LAKE GENEVA,1917,90
 LAKE GENEVA,1918,89
 LAKE GENEVA,1919,71
 LAKE GENEVA,1920,85
 LAKE GENEVA,1921,46
 LAKE GENEVA,1922,84
 LAKE GENEVA,1923,105
 LAKE GENEVA,1924,99
 LAKE GENEVA,1925,85
 LAKE GENEVA,1926,110
 LAKE GENEVA,1927,73
 LAKE GENEVA,1928,83
 LAKE GENEVA,1929,86
 LAKE GENEVA,1930,76
 LAKE GENEVA,1931,85
 LAKE GENEVA,1932,89
 LAKE GENEVA,1933,92
 LAKE GENEVA,1934,93
 LAKE GENEVA,1935,80
 LAKE GENEVA,1936,85
 LAKE GENEVA,1937,103
 LAKE GENEVA,1938,71
 LAKE GENEVA,1939,86
 LAKE GENEVA,1940,105
 LAKE GENEVA,1941,100
 LAKE GENEVA,1942,94
 LAKE GENEVA,1943,90
 LAKE GENEVA,1944,103
 LAKE GENEVA,1945,75
 LAKE GENEVA,1946,76
 LAKE GENEVA,1947,101
 LAKE GENEVA,1948,86
 LAKE GENEVA,1949,89
 LAKE GENEVA,1950,101
 LAKE GENEVA,1951,100
 LAKE GENEVA,1952,94
 LAKE GENEVA,1953,81
 LAKE GENEVA,1954,79
 LAKE GENEVA,1955,92
 LAKE GENEVA,1956,94
 LAKE GENEVA,1957,83
 LAKE GENEVA,1958,95
 LAKE GENEVA,1959,98
 LAKE GENEVA,1960,103
 LAKE GENEVA,1961,86
 LAKE GENEVA,1962,101
 LAKE GENEVA,1963,94
 LAKE GENEVA,1964,98
 LAKE GENEVA,1965,105
 LAKE GENEVA,1966,77
 LAKE GENEVA,1967,91
 LAKE GENEVA,1968,86
 LAKE GENEVA,1969,99
 LAKE GENEVA,1970,99
 LAKE GENEVA,1971,101
 LAKE GENEVA,1972,108
 LAKE GENEVA,1973,70
 LAKE GENEVA,1974,78
 LAKE GENEVA,1975,109
 LAKE GENEVA,1976,79
 LAKE GENEVA,1977,89
 LAKE GENEVA,1978,99
 LAKE GENEVA,1979,105
 LAKE GENEVA,1980,97
 LAKE GENEVA,1981,80
 LAKE GENEVA,1982,103
 LAKE GENEVA,1983,66
 LAKE GENEVA,1984,100
 LAKE GENEVA,1985,90
 LAKE GENEVA,1986,89
 LAKE GENEVA,1987,68
 LAKE GENEVA,1988,88
 LAKE GENEVA,1989,95
 LAKE GENEVA,1990,76
 LAKE GENEVA,1991,82
 LAKE GENEVA,1992,68
 LAKE GENEVA,1993,101
 LAKE GENEVA,1994,93
 LAKE GENEVA,1995,79
 LAKE GENEVA,1996,92
 LAKE GENEVA,1997,86
 LAKE GENEVA,1999,36
 LAKE GENEVA,2000,59
 LAKE GENEVA,2001,95
 LAKE GENEVA,2003,90
 LAKE GENEVA,2004,84
 LAKE GENEVA,2005,90
 LAKE SUPERIOR AT BAYFIELD,1858,20
 LAKE SUPERIOR AT BAYFIELD,1859,10
 LAKE SUPERIOR AT BAYFIELD,1860,15
 LAKE SUPERIOR AT BAYFIELD,1861,17
 LAKE SUPERIOR AT BAYFIELD,1862,19
 LAKE SUPERIOR AT BAYFIELD,1863,10
 LAKE SUPERIOR AT BAYFIELD,1864,13
 LAKE SUPERIOR AT BAYFIELD,1865,22
 LAKE SUPERIOR AT BAYFIELD,1866,17
 LAKE SUPERIOR AT BAYFIELD,1867,20
 LAKE SUPERIOR AT BAYFIELD,1868,29
 LAKE SUPERIOR AT BAYFIELD,1869,19
 LAKE SUPERIOR AT BAYFIELD,1870,15
 LAKE SUPERIOR AT BAYFIELD,1871,8
 LAKE SUPERIOR AT BAYFIELD,1872,28
 LAKE SUPERIOR AT BAYFIELD,1873,5
 LAKE SUPERIOR AT BAYFIELD,1874,4
 LAKE SUPERIOR AT BAYFIELD,1875,13
 LAKE SUPERIOR AT BAYFIELD,1876,7
 LAKE SUPERIOR AT BAYFIELD,1877,17
 LAKE SUPERIOR AT BAYFIELD,1878,3
 LAKE SUPERIOR AT BAYFIELD,1879,21
 LAKE SUPERIOR AT BAYFIELD,1880,24
 LAKE SUPERIOR AT BAYFIELD,1881,2
 LAKE SUPERIOR AT BAYFIELD,1882,10
 LAKE SUPERIOR AT BAYFIELD,1883,25
 LAKE SUPERIOR AT BAYFIELD,1884,27
 LAKE SUPERIOR AT BAYFIELD,1885,27
 LAKE SUPERIOR AT BAYFIELD,1886,24
 LAKE SUPERIOR AT BAYFIELD,1887,4
 LAKE SUPERIOR AT BAYFIELD,1888,10
 LAKE SUPERIOR AT BAYFIELD,1889,2
 LAKE SUPERIOR AT BAYFIELD,1890,15
 LAKE SUPERIOR AT BAYFIELD,1891,26
 LAKE SUPERIOR AT BAYFIELD,1892,21
 LAKE SUPERIOR AT BAYFIELD,1893,3
 LAKE SUPERIOR AT BAYFIELD,1894,14
 LAKE SUPERIOR AT BAYFIELD,1895,9
 LAKE SUPERIOR AT BAYFIELD,1896,20
 LAKE SUPERIOR AT BAYFIELD,1897,15
 LAKE SUPERIOR AT BAYFIELD,1898,11
 LAKE SUPERIOR AT BAYFIELD,1899,29
 LAKE SUPERIOR AT BAYFIELD,1900,8
 LAKE SUPERIOR AT BAYFIELD,1901,19
 LAKE SUPERIOR AT BAYFIELD,1902,6
 LAKE SUPERIOR AT BAYFIELD,1903,13
 LAKE SUPERIOR AT BAYFIELD,1904,8
 LAKE SUPERIOR AT BAYFIELD,1905,10
 LAKE SUPERIOR AT BAYFIELD,1906,10
 LAKE SUPERIOR AT BAYFIELD,1907,20
 LAKE SUPERIOR AT BAYFIELD,1908,14
 LAKE SUPERIOR AT BAYFIELD,1909,19
 LAKE SUPERIOR AT BAYFIELD,1910,24
 LAKE SUPERIOR AT BAYFIELD,1911,5
 LAKE SUPERIOR AT BAYFIELD,1912,17
 LAKE SUPERIOR AT BAYFIELD,1913,23
 LAKE SUPERIOR AT BAYFIELD,1914,16
 LAKE SUPERIOR AT BAYFIELD,1915,11
 LAKE SUPERIOR AT BAYFIELD,1916,18
 LAKE SUPERIOR AT BAYFIELD,1917,27
 LAKE SUPERIOR AT BAYFIELD,1918,4
 LAKE SUPERIOR AT BAYFIELD,1919,15
 LAKE SUPERIOR AT BAYFIELD,1920,22
 LAKE SUPERIOR AT BAYFIELD,1921,7
 LAKE SUPERIOR AT BAYFIELD,1922,7
 LAKE SUPERIOR AT BAYFIELD,1923,6
 LAKE SUPERIOR AT BAYFIELD,1924,22
 LAKE SUPERIOR AT BAYFIELD,1925,8
 LAKE SUPERIOR AT BAYFIELD,1926,5
 LAKE SUPERIOR AT BAYFIELD,1927,6
 LAKE SUPERIOR AT BAYFIELD,1928,30
 LAKE SUPERIOR AT BAYFIELD,1929,7
 LAKE SUPERIOR AT BAYFIELD,1930,7
 LAKE SUPERIOR AT BAYFIELD,1931,1
 LAKE SUPERIOR AT BAYFIELD,1932,12
 LAKE SUPERIOR AT BAYFIELD,1933,24
 LAKE SUPERIOR AT BAYFIELD,1934,23
 LAKE SUPERIOR AT BAYFIELD,1935,8
 LAKE SUPERIOR AT BAYFIELD,1936,28
 LAKE SUPERIOR AT BAYFIELD,1937,22
 LAKE SUPERIOR AT BAYFIELD,1938,28
 LAKE SUPERIOR AT BAYFIELD,1939,18
 LAKE SUPERIOR AT BAYFIELD,1940,16
 LAKE SUPERIOR AT BAYFIELD,1941,7
 LAKE SUPERIOR AT BAYFIELD,1942,1
 LAKE SUPERIOR AT BAYFIELD,1943,1
 LAKE SUPERIOR AT BAYFIELD,1944,4
 LAKE SUPERIOR AT BAYFIELD,1945,24
 LAKE SUPERIOR AT BAYFIELD,1946,27
 LAKE SUPERIOR AT BAYFIELD,1947,17
 LAKE SUPERIOR AT BAYFIELD,1948,10
 LAKE SUPERIOR AT BAYFIELD,1949,1
 LAKE SUPERIOR AT BAYFIELD,1950,28
 LAKE SUPERIOR AT BAYFIELD,1951,23
 LAKE SUPERIOR AT BAYFIELD,1952,15
 LAKE SUPERIOR AT BAYFIELD,1953,29
 LAKE SUPERIOR AT BAYFIELD,1954,10
 LAKE SUPERIOR AT BAYFIELD,1955,8
 LAKE SUPERIOR AT BAYFIELD,1956,6
 LAKE SUPERIOR AT BAYFIELD,1957,11
 LAKE SUPERIOR AT BAYFIELD,1958,3
 LAKE SUPERIOR AT BAYFIELD,1959,6
 LAKE SUPERIOR AT BAYFIELD,1960,12
 LAKE SUPERIOR AT BAYFIELD,1961,5
 LAKE SUPERIOR AT BAYFIELD,1962,19
 LAKE SUPERIOR AT BAYFIELD,1963,8
 LAKE SUPERIOR AT BAYFIELD,1964,7
 LAKE SUPERIOR AT BAYFIELD,1965,21
 LAKE SUPERIOR AT BAYFIELD,1966,23
 LAKE SUPERIOR AT BAYFIELD,1967,4
 LAKE SUPERIOR AT BAYFIELD,1968,26
 LAKE SUPERIOR AT BAYFIELD,1969,5
 LAKE SUPERIOR AT BAYFIELD,1970,5
 LAKE SUPERIOR AT BAYFIELD,1971,12
 LAKE SUPERIOR AT BAYFIELD,1972,23
 LAKE SUPERIOR AT BAYFIELD,1973,19
 LAKE SUPERIOR AT BAYFIELD,1974,17
 LAKE SUPERIOR AT BAYFIELD,1975,24
 LAKE SUPERIOR AT BAYFIELD,1976,29
 LAKE SUPERIOR AT BAYFIELD,1977,29
 LAKE SUPERIOR AT BAYFIELD,1978,5
 LAKE SUPERIOR AT BAYFIELD,1979,18
 LAKE SUPERIOR AT BAYFIELD,1980,4
 LAKE SUPERIOR AT BAYFIELD,1981,30
 LAKE SUPERIOR AT BAYFIELD,1982,13
 LAKE SUPERIOR AT BAYFIELD,1983,3
 LAKE SUPERIOR AT BAYFIELD,1984,8
 LAKE SUPERIOR AT BAYFIELD,1985,27
 LAKE SUPERIOR AT BAYFIELD,1986,1
 LAKE SUPERIOR AT BAYFIELD,1987,8
 LAKE SUPERIOR AT BAYFIELD,1988,5
 LAKE SUPERIOR AT BAYFIELD,1989,16
 LAKE SUPERIOR AT BAYFIELD,1990,1
 LAKE SUPERIOR AT BAYFIELD,1991,1
 LAKE SUPERIOR AT BAYFIELD,1992,29
 LAKE SUPERIOR AT BAYFIELD,1993,31
 LAKE SUPERIOR AT BAYFIELD,1994,9
 LAKE SUPERIOR AT BAYFIELD,1995,22
 LAKE SUPERIOR AT BAYFIELD,1996,24
 LAKE SUPERIOR AT BAYFIELD,1997,6
 LAKE SUPERIOR AT BAYFIELD,1999,23
 LAKE SUPERIOR AT BAYFIELD,2000,3
 LAKE SUPERIOR AT BAYFIELD,2001,7
 LAKE SUPERIOR AT BAYFIELD,2002,17
 LAKE SUPERIOR AT BAYFIELD,2003,8
 LAKE SUPERIOR AT BAYFIELD,2004,25
 LAKE SUPERIOR AT BAYFIELD,2005,31
 LAKE SUPERIOR AT BAYFIELD,2006,9
 LAKE SUPERIOR AT BAYFIELD,2007,24
 LAKE SUPERIOR AT BAYFIELD,2008,6
 LAKE SUPERIOR AT BAYFIELD,2009,6
 LAKE SUPERIOR AT BAYFIELD,2010,11
 LAKE SUPERIOR AT BAYFIELD,2011,18
 MINNETONKA,1855,108
 MINNETONKA,1856,128
 MINNETONKA,1857,125
 MINNETONKA,1858,89
 MINNETONKA,1859,124
 MINNETONKA,1860,94
 MINNETONKA,1863,105
 MINNETONKA,1873,117
 MINNETONKA,1877,104
 MINNETONKA,1878,70
 MINNETONKA,1887,104
 MINNETONKA,1888,115
 MINNETONKA,1889,91
 MINNETONKA,1890,106
 MINNETONKA,1891,111
 MINNETONKA,1892,101
 MINNETONKA,1893,118
 MINNETONKA,1894,99
 MINNETONKA,1895,95
 MINNETONKA,1896,95
 MINNETONKA,1897,108
 MINNETONKA,1898,108
 MINNETONKA,1899,114
 MINNETONKA,1900,106
 MINNETONKA,1901,113
 MINNETONKA,1902,91
 MINNETONKA,1903,103
 MINNETONKA,1904,115
 MINNETONKA,1905,92
 MINNETONKA,1906,106
 MINNETONKA,1907,98
 MINNETONKA,1908,102
 MINNETONKA,1909,116
 MINNETONKA,1910,86
 MINNETONKA,1911,91
 MINNETONKA,1912,103
 MINNETONKA,1913,108
 MINNETONKA,1914,107
 MINNETONKA,1915,107
 MINNETONKA,1916,109
 MINNETONKA,1917,108
 MINNETONKA,1918,104
 MINNETONKA,1919,96
 MINNETONKA,1920,107
 MINNETONKA,1921,93
 MINNETONKA,1922,107
 MINNETONKA,1923,113
 MINNETONKA,1924,114
 MINNETONKA,1925,97
 MINNETONKA,1926,108
 MINNETONKA,1927,102
 MINNETONKA,1928,108
 MINNETONKA,1929,97
 MINNETONKA,1930,95
 MINNETONKA,1931,96
 MINNETONKA,1932,104
 MINNETONKA,1933,108
 MINNETONKA,1934,100
 MINNETONKA,1935,97
 MINNETONKA,1936,110
 MINNETONKA,1937,109
 MINNETONKA,1938,99
 MINNETONKA,1939,107
 MINNETONKA,1940,115
 MINNETONKA,1941,104
 MINNETONKA,1942,94
 MINNETONKA,1943,102
 MINNETONKA,1944,113
 MINNETONKA,1945,89
 MINNETONKA,1946,92
 MINNETONKA,1947,109
 MINNETONKA,1948,101
 MINNETONKA,1949,103
 MINNETONKA,1950,122
 MINNETONKA,1951,118
 MINNETONKA,1952,112
 MINNETONKA,1953,98
 MINNETONKA,1954,102
 MINNETONKA,1955,102
 MINNETONKA,1956,111
 MINNETONKA,1957,110
 MINNETONKA,1958,101
 MINNETONKA,1959,100
 MINNETONKA,1960,106
 MINNETONKA,1961,104
 MINNETONKA,1962,115
 MINNETONKA,1963,100
 MINNETONKA,1964,103
 MINNETONKA,1965,121
 MINNETONKA,1966,94
 MINNETONKA,1967,99
 MINNETONKA,1968,91
 MINNETONKA,1969,107
 MINNETONKA,1970,109
 MINNETONKA,1971,107
 MINNETONKA,1972,116
 MINNETONKA,1973,94
 MINNETONKA,1974,109
 MINNETONKA,1975,118
 MINNETONKA,1976,93
 MINNETONKA,1977,100
 MINNETONKA,1978,107
 MINNETONKA,1979,113
 MINNETONKA,1980,109
 MINNETONKA,1981,86
 MINNETONKA,1982,109
 MINNETONKA,1983,112
 MINNETONKA,1984,103
 MINNETONKA,1985,103
 MINNETONKA,1986,98
 MINNETONKA,1987,80
 MINNETONKA,1988,97
 MINNETONKA,1989,107
 MINNETONKA,1990,94
 MINNETONKA,1991,98
 MINNETONKA,1992,99
 MINNETONKA,1993,109
 MINNETONKA,1994,101
 MINNETONKA,1995,93
 MINNETONKA,1996,114
 MINNETONKA,1997,108
 MINNETONKA,1998,93
 MINNETONKA,1999,92
 MINNETONKA,2000,77
 MINNETONKA,2001,109
 MINNETONKA,2002,106
 MINNETONKA,2003,102
 MINNETONKA,2004,95
 MINNETONKA,2005,99
 MINNETONKA,2006,99
 MINNETONKA,2007,93
 MINNETONKA,2008,113
 MINNETONKA,2009,103
 MINNETONKA,2010,92
 MINNETONKA,2011,104
 MINNETONKA,2012,81
 MINNETONKA,2013,122
 MINNETONKA,2014,114
 MINNETONKA,2015,95
 MINNETONKA,2016,77
 MINNETONKA,2017,87
 MINNETONKA,2018,125
Winnepesaukee,1887,127
Winnepesaukee,1888,133
Winnepesaukee,1889,104
Winnepesaukee,1890,114
Winnepesaukee,1891,113
Winnepesaukee,1892,102
Winnepesaukee,1893,130
Winnepesaukee,1894,110
Winnepesaukee,1895,116
Winnepesaukee,1896,114
Winnepesaukee,1897,113
Winnepesaukee,1898,104
Winnepesaukee,1899,122
Winnepesaukee,1900,116
Winnepesaukee,1901,110
Winnepesaukee,1902,94
Winnepesaukee,1903,92
Winnepesaukee,1904,120
Winnepesaukee,1905,114
Winnepesaukee,1906,116
Winnepesaukee,1907,119
Winnepesaukee,1908,112
Winnepesaukee,1909,109
Winnepesaukee,1910,96
Winnepesaukee,1911,122
Winnepesaukee,1912,114
Winnepesaukee,1913,107
Winnepesaukee,1914,105
Winnepesaukee,1915,114
Winnepesaukee,1916,107
Winnepesaukee,1917,118
Winnepesaukee,1918,114
Winnepesaukee,1919,104
Winnepesaukee,1920,115
Winnepesaukee,1921,87
Winnepesaukee,1922,107
Winnepesaukee,1923,114
Winnepesaukee,1924,109
Winnepesaukee,1925,100
Winnepesaukee,1926,122
Winnepesaukee,1927,103
Winnepesaukee,1928,110
Winnepesaukee,1929,108
Winnepesaukee,1930,97
Winnepesaukee,1931,101
Winnepesaukee,1932,111
Winnepesaukee,1933,115
Winnepesaukee,1934,111
Winnepesaukee,1935,111
Winnepesaukee,1936,99
Winnepesaukee,1937,115
Winnepesaukee,1938,107
Winnepesaukee,1939,124
Winnepesaukee,1940,125
Winnepesaukee,1941,106
Winnepesaukee,1942,108
Winnepesaukee,1943,120
Winnepesaukee,1944,124
Winnepesaukee,1945,91
Winnepesaukee,1946,89
Winnepesaukee,1947,114
Winnepesaukee,1948,101
Winnepesaukee,1949,108
Winnepesaukee,1950,110
Winnepesaukee,1951,104
Winnepesaukee,1952,111
Winnepesaukee,1953,93
Winnepesaukee,1954,106
Winnepesaukee,1955,109
Winnepesaukee,1956,126
Winnepesaukee,1957,93
Winnepesaukee,1958,103
Winnepesaukee,1959,116
Winnepesaukee,1960,110
Winnepesaukee,1961,117
Winnepesaukee,1962,114
Winnepesaukee,1963,110
Winnepesaukee,1964,119
Winnepesaukee,1965,112
Winnepesaukee,1966,110
Winnepesaukee,1967,110
Winnepesaukee,1968,106
Winnepesaukee,1969,115
Winnepesaukee,1970,118
Winnepesaukee,1971,126
Winnepesaukee,1972,123
Winnepesaukee,1973,106
Winnepesaukee,1974,106
Winnepesaukee,1975,115
Winnepesaukee,1976,107
Winnepesaukee,1977,113
Winnepesaukee,1978,117
Winnepesaukee,1979,116
Winnepesaukee,1980,108
Winnepesaukee,1981,95
Winnepesaukee,1982,119
Winnepesaukee,1983,100
Winnepesaukee,1984,111
Winnepesaukee,1985,104
Winnepesaukee,1986,106
Winnepesaukee,1987,102
Winnepesaukee,1988,107
Winnepesaukee,1989,115
Winnepesaukee,1990,112
Winnepesaukee,1991,98
Winnepesaukee,1992,112
Winnepesaukee,1993,112
Winnepesaukee,1994,113
Winnepesaukee,1995,105
Winnepesaukee,1996,108
Winnepesaukee,1997,114
Winnepesaukee,1998,97
Winnepesaukee,1999,98
Winnepesaukee,2000,101
Winnepesaukee,2001,122
Winnepesaukee,2002,95
Winnepesaukee,2003,115
Winnepesaukee,2004,111
Winnepesaukee,2005,110
Winnepesaukee,2006,93
Winnepesaukee,2007,113
Winnepesaukee,2008,113
Winnepesaukee,2009,103
Winnepesaukee,2010,83
Winnepesaukee,2011,109
Winnepesaukee,2012,82
Winnepesaukee,2013,107
Winnepesaukee,2014,113
Winnepesaukee,2015,114
Winnepesaukee,2016,77
Winnepesaukee,2017,108
Winnepesaukee,2018,116
 MOOSEHEAD LAKE,1848,120
 MOOSEHEAD LAKE,1849,132
 MOOSEHEAD LAKE,1850,129
 MOOSEHEAD LAKE,1851,134
 MOOSEHEAD LAKE,1852,137
 MOOSEHEAD LAKE,1853,131
 MOOSEHEAD LAKE,1854,140
 MOOSEHEAD LAKE,1855,137
 MOOSEHEAD LAKE,1856,129
 MOOSEHEAD LAKE,1857,132
 MOOSEHEAD LAKE,1858,133
 MOOSEHEAD LAKE,1859,134
 MOOSEHEAD LAKE,1860,131
 MOOSEHEAD LAKE,1861,132
 MOOSEHEAD LAKE,1862,138
 MOOSEHEAD LAKE,1863,138
 MOOSEHEAD LAKE,1864,126
 MOOSEHEAD LAKE,1865,124
 MOOSEHEAD LAKE,1866,131
 MOOSEHEAD LAKE,1867,139
 MOOSEHEAD LAKE,1868,138
 MOOSEHEAD LAKE,1869,130
 MOOSEHEAD LAKE,1870,124
 MOOSEHEAD LAKE,1871,133
 MOOSEHEAD LAKE,1872,131
 MOOSEHEAD LAKE,1873,136
 MOOSEHEAD LAKE,1874,145
 MOOSEHEAD LAKE,1875,144
 MOOSEHEAD LAKE,1876,143
 MOOSEHEAD LAKE,1877,126
 MOOSEHEAD LAKE,1878,149
 MOOSEHEAD LAKE,1879,134
 MOOSEHEAD LAKE,1880,126
 MOOSEHEAD LAKE,1881,129
 MOOSEHEAD LAKE,1882,138
 MOOSEHEAD LAKE,1883,133
 MOOSEHEAD LAKE,1884,128
 MOOSEHEAD LAKE,1885,136
 MOOSEHEAD LAKE,1886,122
 MOOSEHEAD LAKE,1887,133
 MOOSEHEAD LAKE,1888,142
 MOOSEHEAD LAKE,1889,120
 MOOSEHEAD LAKE,1890,129
 MOOSEHEAD LAKE,1891,134
 MOOSEHEAD LAKE,1892,124
 MOOSEHEAD LAKE,1893,138
 MOOSEHEAD LAKE,1894,121
 MOOSEHEAD LAKE,1895,126
 MOOSEHEAD LAKE,1896,128
 MOOSEHEAD LAKE,1897,128
 MOOSEHEAD LAKE,1898,124
 MOOSEHEAD LAKE,1899,127
 MOOSEHEAD LAKE,1900,131
 MOOSEHEAD LAKE,1901,119
 MOOSEHEAD LAKE,1902,118
 MOOSEHEAD LAKE,1903,118
 MOOSEHEAD LAKE,1904,130
 MOOSEHEAD LAKE,1905,122
 MOOSEHEAD LAKE,1906,133
 MOOSEHEAD LAKE,1907,134
 MOOSEHEAD LAKE,1908,131
 MOOSEHEAD LAKE,1909,135
 MOOSEHEAD LAKE,1910,110
 MOOSEHEAD LAKE,1911,133
 MOOSEHEAD LAKE,1912,128
 MOOSEHEAD LAKE,1913,122
 MOOSEHEAD LAKE,1914,135
 MOOSEHEAD LAKE,1915,121
 MOOSEHEAD LAKE,1916,124
 MOOSEHEAD LAKE,1917,134
 MOOSEHEAD LAKE,1918,121
 MOOSEHEAD LAKE,1919,123
 MOOSEHEAD LAKE,1920,134
 MOOSEHEAD LAKE,1921,112
 MOOSEHEAD LAKE,1922,121
 MOOSEHEAD LAKE,1923,130
 MOOSEHEAD LAKE,1924,129
 MOOSEHEAD LAKE,1925,118
 MOOSEHEAD LAKE,1926,138
 MOOSEHEAD LAKE,1927,116
 MOOSEHEAD LAKE,1928,132
 MOOSEHEAD LAKE,1929,128
 MOOSEHEAD LAKE,1930,125
 MOOSEHEAD LAKE,1931,114
 MOOSEHEAD LAKE,1932,125
 MOOSEHEAD LAKE,1933,124
 MOOSEHEAD LAKE,1934,124
 MOOSEHEAD LAKE,1935,130
 MOOSEHEAD LAKE,1936,122
 MOOSEHEAD LAKE,1937,130
 MOOSEHEAD LAKE,1938,119
 MOOSEHEAD LAKE,1939,137
 MOOSEHEAD LAKE,1940,138
 MOOSEHEAD LAKE,1941,119
 MOOSEHEAD LAKE,1942,125
 MOOSEHEAD LAKE,1943,137
 MOOSEHEAD LAKE,1944,134
 MOOSEHEAD LAKE,1945,104
 MOOSEHEAD LAKE,1946,126
 MOOSEHEAD LAKE,1947,134
 MOOSEHEAD LAKE,1948,124
 MOOSEHEAD LAKE,1949,113
 MOOSEHEAD LAKE,1950,127
 MOOSEHEAD LAKE,1951,119
 MOOSEHEAD LAKE,1952,120
 MOOSEHEAD LAKE,1953,114
 MOOSEHEAD LAKE,1954,122
 MOOSEHEAD LAKE,1955,124
 MOOSEHEAD LAKE,1956,135
 MOOSEHEAD LAKE,1957,122
 MOOSEHEAD LAKE,1958,122
 MOOSEHEAD LAKE,1959,129
 MOOSEHEAD LAKE,1960,126
 MOOSEHEAD LAKE,1961,137
 MOOSEHEAD LAKE,1962,138
 MOOSEHEAD LAKE,1963,127
 MOOSEHEAD LAKE,1964,127
 MOOSEHEAD LAKE,1965,127
 MOOSEHEAD LAKE,1966,126
 MOOSEHEAD LAKE,1967,128
 MOOSEHEAD LAKE,1968,115
 MOOSEHEAD LAKE,1969,133
 MOOSEHEAD LAKE,1970,136
 MOOSEHEAD LAKE,1971,133
 MOOSEHEAD LAKE,1972,142
 MOOSEHEAD LAKE,1973,125
 MOOSEHEAD LAKE,1974,137
 MOOSEHEAD LAKE,1975,132
 MOOSEHEAD LAKE,1976,121
 MOOSEHEAD LAKE,1977,126
 MOOSEHEAD LAKE,1978,135
 MOOSEHEAD LAKE,1979,121
 MOOSEHEAD LAKE,1980,123
 MOOSEHEAD LAKE,1981,117
 MOOSEHEAD LAKE,1982,133
 MOOSEHEAD LAKE,1983,122
 MOOSEHEAD LAKE,1984,126
 MOOSEHEAD LAKE,1985,123
 MOOSEHEAD LAKE,1986,118
 MOOSEHEAD LAKE,1987,111
 MOOSEHEAD LAKE,1988,123
 MOOSEHEAD LAKE,1989,129
 MOOSEHEAD LAKE,1990,127
 MOOSEHEAD LAKE,1991,123
 MOOSEHEAD LAKE,1992,133
 MOOSEHEAD LAKE,1993,128
 MOOSEHEAD LAKE,1994,131
 MOOSEHEAD LAKE,1995,122
 MOOSEHEAD LAKE,1996,125
 MOOSEHEAD LAKE,1997,131
 MOOSEHEAD LAKE,1998,117
 MOOSEHEAD LAKE,1999,120
 MOOSEHEAD LAKE,2000,120
 MOOSEHEAD LAKE,2001,124
 MOOSEHEAD LAKE,2002,110
 MOOSEHEAD LAKE,2003,127
 MOOSEHEAD LAKE,2004,121
 MOOSEHEAD LAKE,2005,130
 MOOSEHEAD LAKE,2006,109
 MOOSEHEAD LAKE,2007,132
 MOOSEHEAD LAKE,2008,
 MOOSEHEAD LAKE,2009,116
 MOOSEHEAD LAKE,2010,105
 MOOSEHEAD LAKE,2011,124
 MOOSEHEAD LAKE,2012,106
 MOOSEHEAD LAKE,2013,118
 MOOSEHEAD LAKE,2014,130
 MOOSEHEAD LAKE,2015,125
 MOOSEHEAD LAKE,2016,113
 MOOSEHEAD LAKE,2017,
 MOOSEHEAD LAKE,2018,128
 SEBAGO LAKE,1807,127
 SEBAGO LAKE,1812,121
 SEBAGO LAKE,1816,120
 SEBAGO LAKE,1819,119
 SEBAGO LAKE,1820,115
 SEBAGO LAKE,1821,119
 SEBAGO LAKE,1822,102
 SEBAGO LAKE,1823,113
 SEBAGO LAKE,1824,107
 SEBAGO LAKE,1825,106
 SEBAGO LAKE,1826,108
 SEBAGO LAKE,1834,104
 SEBAGO LAKE,1837,121
 SEBAGO LAKE,1840,109
 SEBAGO LAKE,1841,119
 SEBAGO LAKE,1842,110
 SEBAGO LAKE,1843,122
 SEBAGO LAKE,1844,107
 SEBAGO LAKE,1845,114
 SEBAGO LAKE,1846,104
 SEBAGO LAKE,1849,119
 SEBAGO LAKE,1851,110
 SEBAGO LAKE,1852,124
 SEBAGO LAKE,1853,110
 SEBAGO LAKE,1855,117
 SEBAGO LAKE,1856,117
 SEBAGO LAKE,1857,104
 SEBAGO LAKE,1858,106
 SEBAGO LAKE,1862,119
 SEBAGO LAKE,1863,118
 SEBAGO LAKE,1866,108
 SEBAGO LAKE,1867,116
 SEBAGO LAKE,1871,95
 SEBAGO LAKE,1872,124
 SEBAGO LAKE,1873,121
 SEBAGO LAKE,1874,127
 SEBAGO LAKE,1875,126
 SEBAGO LAKE,1876,121
 SEBAGO LAKE,1877,113
 SEBAGO LAKE,1878,102
 SEBAGO LAKE,1879,125
 SEBAGO LAKE,1880,103
 SEBAGO LAKE,1881,114
 SEBAGO LAKE,1882,109
 SEBAGO LAKE,1883,119
 SEBAGO LAKE,1884,116
 SEBAGO LAKE,1885,116
 SEBAGO LAKE,1886,115
 SEBAGO LAKE,1887,121
 SEBAGO LAKE,1888,128
 SEBAGO LAKE,1889,102
 SEBAGO LAKE,1890,114
 SEBAGO LAKE,1891,113
 SEBAGO LAKE,1892,101
 SEBAGO LAKE,1893,124
 SEBAGO LAKE,1894,109
 SEBAGO LAKE,1895,111
 SEBAGO LAKE,1896,111
 SEBAGO LAKE,1897,112
 SEBAGO LAKE,1898,103
 SEBAGO LAKE,1899,117
 SEBAGO LAKE,1900,116
 SEBAGO LAKE,1901,105
 SEBAGO LAKE,1902,89
 SEBAGO LAKE,1903,87
 SEBAGO LAKE,1904,113
 SEBAGO LAKE,1905,115
 SEBAGO LAKE,1906,112
 SEBAGO LAKE,1907,120
 SEBAGO LAKE,1908,115
 SEBAGO LAKE,1909,105
 SEBAGO LAKE,1910,93
 SEBAGO LAKE,1911,119
 SEBAGO LAKE,1912,113
 SEBAGO LAKE,1913,99
 SEBAGO LAKE,1914,110
 SEBAGO LAKE,1915,102
 SEBAGO LAKE,1916,108
 SEBAGO LAKE,1917,114
 SEBAGO LAKE,1918,116
 SEBAGO LAKE,1919,91
 SEBAGO LAKE,1920,113
 SEBAGO LAKE,1921,87
 SEBAGO LAKE,1922,104
 SEBAGO LAKE,1923,112
 SEBAGO LAKE,1924,106
 SEBAGO LAKE,1925,94
 SEBAGO LAKE,1926,120
 SEBAGO LAKE,1927,105
 SEBAGO LAKE,1928,98
 SEBAGO LAKE,1929,100
 SEBAGO LAKE,1930,97
 SEBAGO LAKE,1931,102
 SEBAGO LAKE,1932,72
 SEBAGO LAKE,1933,100
 SEBAGO LAKE,1934,110
 SEBAGO LAKE,1935,107
 SEBAGO LAKE,1936,86
 SEBAGO LAKE,1938,92
 SEBAGO LAKE,1939,113
 SEBAGO LAKE,1940,123
 SEBAGO LAKE,1941,102
 SEBAGO LAKE,1942,98
 SEBAGO LAKE,1943,107
 SEBAGO LAKE,1944,114
 SEBAGO LAKE,1945,91
 SEBAGO LAKE,1946,85
 SEBAGO LAKE,1948,93
 SEBAGO LAKE,1950,107
 SEBAGO LAKE,1952,105
 SEBAGO LAKE,1954,103
 SEBAGO LAKE,1956,96
 SEBAGO LAKE,1957,99
 SEBAGO LAKE,1958,96
 SEBAGO LAKE,1959,96
 SEBAGO LAKE,1962,100
 SEBAGO LAKE,1963,105
 SEBAGO LAKE,1964,106
 SEBAGO LAKE,1965,104
 SEBAGO LAKE,1966,92
 SEBAGO LAKE,1967,100
 SEBAGO LAKE,1968,98
 SEBAGO LAKE,1969,111
 SEBAGO LAKE,1970,113
 SEBAGO LAKE,1971,122
 SEBAGO LAKE,1972,121
 SEBAGO LAKE,1973,100
 SEBAGO LAKE,1974,101
 SEBAGO LAKE,1975,88
 SEBAGO LAKE,1976,93
 SEBAGO LAKE,1977,94
 SEBAGO LAKE,1978,104
 SEBAGO LAKE,1979,85
 SEBAGO LAKE,1980,101
 SEBAGO LAKE,1981,76
 SEBAGO LAKE,1982,111
 SEBAGO LAKE,1983,76
 SEBAGO LAKE,1984,106
 SEBAGO LAKE,1985,73
 SEBAGO LAKE,1986,90
 SEBAGO LAKE,1987,88
 SEBAGO LAKE,1988,91
 SEBAGO LAKE,1989,100
 SEBAGO LAKE,1990,95
 SEBAGO LAKE,1992,86
 SEBAGO LAKE,1993,109
 SEBAGO LAKE,1994,110
 SEBAGO LAKE,1995,77
 SEBAGO LAKE,1996,94
 SEBAGO LAKE,1997,104
 SEBAGO LAKE,2000,88
 SEBAGO LAKE,2001,114
 SEBAGO LAKE,2003,114
 SEBAGO LAKE,2004,99
 SEBAGO LAKE,2005,107
 SEBAGO LAKE,2006,84
 SEBAGO LAKE,2007,113
 SEBAGO LAKE,2008,111
 SEBAGO LAKE,2009,102
 SEBAGO LAKE,2010,62
 SEBAGO LAKE,2011,105
 SEBAGO LAKE,2012,78
 SEBAGO LAKE,2013,0
 SEBAGO LAKE,2014,110
 SEBAGO LAKE,2015,114
 SEBAGO LAKE,2016,0
 SEBAGO LAKE,2017,
 SEBAGO LAKE,2018,86